{
  "inputUnits": [42],
  "outputUnits": 2,
  "inputs": {
    "0": {
      "dtype": "number",
      "min": 176.27123755858003,
      "max": 566.0318456055963
    },
    "1": {
      "dtype": "number",
      "min": 146.80947077624683,
      "max": 438.7930996009506
    },
    "2": {
      "dtype": "number",
      "min": 138.20734574383792,
      "max": 516.016874213071
    },
    "3": {
      "dtype": "number",
      "min": 105.95663777748241,
      "max": 446.39889534288193
    },
    "4": {
      "dtype": "number",
      "min": 73.50576361194406,
      "max": 467.68513482861437
    },
    "5": {
      "dtype": "number",
      "min": 78.21072612118304,
      "max": 436.44206704603465
    },
    "6": {
      "dtype": "number",
      "min": 31.26461535147787,
      "max": 439.44068520507176
    },
    "7": {
      "dtype": "number",
      "min": 72.45526278079579,
      "max": 425.26886735098145
    },
    "8": {
      "dtype": "number",
      "min": -3.4979510402786573,
      "max": 418.6146340343319
    },
    "9": {
      "dtype": "number",
      "min": 75.63340115468078,
      "max": 423.1480200586335
    },
    "10": {
      "dtype": "number",
      "min": 80.31733265424651,
      "max": 501.12554583160886
    },
    "11": {
      "dtype": "number",
      "min": 43.82253459191669,
      "max": 380.6710303877839
    },
    "12": {
      "dtype": "number",
      "min": 35.112859941496865,
      "max": 483.50197444321316
    },
    "13": {
      "dtype": "number",
      "min": 76.05896307231255,
      "max": 359.46547834356454
    },
    "14": {
      "dtype": "number",
      "min": 6.503438419191809,
      "max": 472.1031224428183
    },
    "15": {
      "dtype": "number",
      "min": 44.96124940537402,
      "max": 345.64705256351095
    },
    "16": {
      "dtype": "number",
      "min": -16.250525749926545,
      "max": 463.8392689318806
    },
    "17": {
      "dtype": "number",
      "min": 18.31698388212137,
      "max": 333.7224905873224
    },
    "18": {
      "dtype": "number",
      "min": 112.13908156388383,
      "max": 529.7257364954748
    },
    "19": {
      "dtype": "number",
      "min": 67.45468111249271,
      "max": 363.8358989203238
    },
    "20": {
      "dtype": "number",
      "min": 83.81781106536107,
      "max": 525.791531181738
    },
    "21": {
      "dtype": "number",
      "min": 63.70986079373759,
      "max": 345.0618138607308
    },
    "22": {
      "dtype": "number",
      "min": 63.96909098064523,
      "max": 525.2903758311347
    },
    "23": {
      "dtype": "number",
      "min": 28.328633799380857,
      "max": 353.7010924625782
    },
    "24": {
      "dtype": "number",
      "min": 47.4938668399986,
      "max": 529.0120060447707
    },
    "25": {
      "dtype": "number",
      "min": -1.0498330312078785,
      "max": 352.7768271699841
    },
    "26": {
      "dtype": "number",
      "min": 118.32695597389063,
      "max": 558.9261910871319
    },
    "27": {
      "dtype": "number",
      "min": 86.91664260311343,
      "max": 363.460425203151
    },
    "28": {
      "dtype": "number",
      "min": 85.20224653909082,
      "max": 557.9881090261075
    },
    "29": {
      "dtype": "number",
      "min": 69.59869428297583,
      "max": 372.60783989463897
    },
    "30": {
      "dtype": "number",
      "min": 101.98862694625339,
      "max": 558.2270829457001
    },
    "31": {
      "dtype": "number",
      "min": 35.93730456829989,
      "max": 378.1993863518519
    },
    "32": {
      "dtype": "number",
      "min": 102.10805320446049,
      "max": 560.1656725474515
    },
    "33": {
      "dtype": "number",
      "min": 6.091067582132412,
      "max": 377.0718187134173
    },
    "34": {
      "dtype": "number",
      "min": 117.8833030062455,
      "max": 593.2293665483166
    },
    "35": {
      "dtype": "number",
      "min": 92.80690027122739,
      "max": 395.8067461847721
    },
    "36": {
      "dtype": "number",
      "min": 91.87090704918833,
      "max": 608.8717900005482
    },
    "37": {
      "dtype": "number",
      "min": 89.36487329816727,
      "max": 397.9303897823118
    },
    "38": {
      "dtype": "number",
      "min": 109.06550114866621,
      "max": 618.3370816065577
    },
    "39": {
      "dtype": "number",
      "min": 60.930059295629476,
      "max": 399.67738384766744
    },
    "40": {
      "dtype": "number",
      "min": 124.80581396469562,
      "max": 625.044916474965
    },
    "41": {
      "dtype": "number",
      "min": 34.858550242249976,
      "max": 398.4604326461176
    }
  },
  "outputs": {
    "0": {
      "dtype": "string",
      "min": 0,
      "max": 1,
      "uniqueValues": ["paper", "rock"],
      "legend": { "paper": [1, 0], "rock": [0, 1] }
    }
  },
  "isNormalized": true
}
