{"inputUnits":[42],"outputUnits":1,"inputs":{"0":{"dtype":"number","min":145.5605380921244,"max":330.49112393111307},"1":{"dtype":"number","min":85.63634627402693,"max":422.47444700631684},"2":{"dtype":"number","min":111.33562291043506,"max":350.0218738027577},"3":{"dtype":"number","min":147.9246446185354,"max":419.3557666230789},"4":{"dtype":"number","min":104.55947436038346,"max":407.71440492926155},"5":{"dtype":"number","min":207.96386362450033,"max":402.7192210367513},"6":{"dtype":"number","min":76.20050610013685,"max":464.5025977077531},"7":{"dtype":"number","min":237.760874557198,"max":435.5315000390888},"8":{"dtype":"number","min":39.705197949764184,"max":519.4526621745088},"9":{"dtype":"number","min":228.09321150281562,"max":475.5546555522944},"10":{"dtype":"number","min":234.68629433151085,"max":423.7395870152168},"11":{"dtype":"number","min":184.69433674974618,"max":355.49905187169645},"12":{"dtype":"number","min":267.4706598034311,"max":487.2361158549631},"13":{"dtype":"number","min":130.3244079424583,"max":394.7149590914118},"14":{"dtype":"number","min":278.4467016294539,"max":529.5128120588669},"15":{"dtype":"number","min":99.59230413848657,"max":429.20044118725747},"16":{"dtype":"number","min":273.1520458962197,"max":566.1716042364076},"17":{"dtype":"number","min":71.54647842481798,"max":474.45599210066524},"18":{"dtype":"number","min":276.2389865609702,"max":408.4690449037329},"19":{"dtype":"number","min":165.03537413255899,"max":309.46597237603646},"20":{"dtype":"number","min":287.4859533024971,"max":481.03181417751046},"21":{"dtype":"number","min":109.48420747765275,"max":357.4837457505407},"22":{"dtype":"number","min":289.923601142939,"max":525.7607990663794},"23":{"dtype":"number","min":69.7164875531825,"max":398.3501978623904},"24":{"dtype":"number","min":290.9773520251766,"max":553.0700984327163},"25":{"dtype":"number","min":33.705964723494155,"max":433.26800890869674},"26":{"dtype":"number","min":244.249083324856,"max":408.11860024156744},"27":{"dtype":"number","min":144.60364254400838,"max":266.8080957751367},"28":{"dtype":"number","min":225.24091443249068,"max":462.4175629017423},"29":{"dtype":"number","min":109.0180075050151,"max":321.1324155894507},"30":{"dtype":"number","min":205.27297351037248,"max":497.02964593112205},"31":{"dtype":"number","min":74.95739702422574,"max":361.11886540353606},"32":{"dtype":"number","min":188.21835468449422,"max":522.7946086654},"33":{"dtype":"number","min":44.0812278810041,"max":397.66797789138036},"34":{"dtype":"number","min":191.90763324928446,"max":433.43639857801014},"35":{"dtype":"number","min":87.92257644511874,"max":283.1683894851923},"36":{"dtype":"number","min":143.74954110156162,"max":467.4907163128443},"37":{"dtype":"number","min":84.92310966812411,"max":262.2887403287247},"38":{"dtype":"number","min":104.68643857982687,"max":490.14639135272535},"39":{"dtype":"number","min":85.13973720013718,"max":290.43560693507527},"40":{"dtype":"number","min":70.56969994656193,"max":507.52018193113395},"41":{"dtype":"number","min":53.53303094415412,"max":321.4053203116952}},"outputs":{"0":{"dtype":"number","min":0,"max":1}},"isNormalized":true}